index,from,to,R,X,B,rate_A,length_km,type
1,1,2,0.001661672,0.002392807,0.0029349258993125,17.71887976,0.6433993984,TXSE 3x1x240 Al
2,2,3,0.001032562,0.00148689,0.0018237612214961,17.71887976,0.3998080064,TXSE 3x1x240 Al
3,3,4,0.001901424,0.001673254,0.0031344949477114,15.24204711,0.7362313728000001,TXSE 1x3x240 Al
4,4,5,0.000495963,0.000436448,0.0008175943491571,15.24204711,0.1920368736,TXSE 1x3x240 Al
5,5,7,0.00369231,0.002317895,5.712469587214532e-05,10.9361688,0.3473426557015774,FeAl 35
6,7,9,0.002076683,0.001303664,3.212890705218531e-05,10.9361688,0.1953575372247506,FeAl 35
7,9,12,0.006355423,0.003989698,9.832641517473816e-05,10.9361688,0.5978667833759588,FeAl 35
8,12,26,0.005145026,0.003229856,7.960004590738055e-05,10.9361688,0.4840024251738515,FeAl 35
9,26,33,0.004864072,0.003053484,7.525333292714253e-05,10.9361688,0.4575725456431564,FeAl 35
10,33,37,0.003501872,0.002198345,5.417837965479097e-05,10.9361688,0.3294277892178593,FeAl 35
11,37,40,0.007340441,0.004608056,0.0001135658868546,10.9361688,0.6905293084710499,FeAl 35
12,40,42,0.008787848,0.005516684,0.0001359590999592,10.9361688,0.8266896501707048,FeAl 35
13,42,44,0.003728283,0.002340478,5.7681243584717865e-05,10.9361688,0.3507267045364675,FeAl 35
14,44,45,0.0006449,0.000404845,9.977416947099925e-06,10.9361688,0.0606669750540846,FeAl 35
15,45,46,0.005135852,0.003224097,7.945811254860758e-05,10.9361688,0.4831394094673139,FeAl 35
16,46,47,0.008947076,0.005616642,0.0001384225580855,10.9361688,0.8416685323290423,FeAl 35
17,47,48,0.000915966,0.00057501,1.4171150087404758e-05,10.9361688,0.0861666715341753,FeAl 35
18,48,67,0.003331125,0.002091157,5.1536708060022055e-05,10.9361688,0.3133652927229612,FeAl 35
19,67,68,0.004408058,0.002767215,6.819822079857247e-05,10.9361688,0.4146744374677597,FeAl 35
20,68,69,0.005758556,0.003615008,8.909212936148851e-05,10.9361688,0.5417183643968824,FeAl 35
21,69,70,0.002972676,0.001866136,4.5991049621084206e-05,10.9361688,0.2796453104913569,FeAl 35
22,70,71,0.001954428,0.001226917,3.0237467900583976e-05,10.9361688,0.1838567758117607,FeAl 35
23,71,72,0.003215362,0.002018485,4.9745708342163285e-05,10.9361688,0.3024752461526619,FeAl 35
24,72,73,4.28e-05,2.68e-05,1.968631292776472e-05,11.24100974,0.0064735001416078,TXSP 3x1x95 Al
25,73,74,6.36e-05,3.98e-05,2.9253493042192427e-05,11.24100974,0.0096195002104265,TXSP 3x1x95 Al
26,74,75,0.003553641,0.001332615,0.0016345347840872,9.14522826,0.5374882130075547,TXSE 1x3x95 Al
27,75,76,1.16e-06,1.16e-06,0.0,38.06701265,0.0005614399887712,fictitious line
28,76,77,3.87e-07,3.87e-07,0.0,38.06701265,0.0001873079962538,fictitious line
29,77,78,4.92e-07,4.92e-07,0.0,38.06701265,0.0002381279952374,fictitious line
30,78,79,0.005966736,0.002237526,0.0027444633657326,9.14522826,0.902468839741506,TXSE 1x3x95 Al
31,79,80,2.88e-05,1.8e-05,1.3246864773822983e-05,11.24100974,0.0043560000952875,TXSP 3x1x95 Al
32,80,81,3.78e-05,2.36e-05,1.7386510015642667e-05,11.24100974,0.0057172501250648,TXSP 3x1x95 Al
33,81,82,0.000747474,0.000467172,0.0003438085763871,11.24100974,0.1130554449730878,TXSP 3x1x95 Al
34,82,83,0.004589931,0.002881388,7.101202565579051e-05,10.9361688,0.4317835780384087,FeAl 35
35,83,85,0.003602333,0.002261411,5.573263811954924e-05,10.9361688,0.338878347414337,FeAl 35
36,85,86,0.003529099,0.002215437,5.459961570878181e-05,10.9361688,0.3319890851238875,FeAl 35
37,86,92,4.36e-07,4.36e-07,0.0,38.06701265,0.0002110239957795,fictitious line
38,92,93,4.2e-07,4.2e-07,0.0,38.06701265,0.0002032799959344,fictitious line
39,93,94,0.00212315,0.001958245,0.0017445438216035,14.09889357,0.4988371844660194,TXSE 3x1x150 Al
40,94,95,0.000327931,0.000122974,0.000150835333755,9.14522826,0.0495995648349904,TXSE 1x3x95 Al
41,95,96,0.003594039,0.00078497,0.0006602149663509,6.477870019999999,0.2713751870938066,TXSE 1x3x50 Al
42,4,6,0.000904929,0.000527143,0.0007435594733956,11.81258651,0.212614386407767,TXSE 1x3x150 Al
43,5,8,1.25e-05,7.75e-06,9.532861405801244e-06,11.88879674,0.0031347149609385,TXSP 1x3x95 Cu
44,7,10,3.55e-07,3.55e-07,0.0,38.06701265,0.0001718199965636,fictitious line
45,7,11,6.94e-07,6.94e-07,0.0,38.06701265,0.000335895993282,fictitious line
46,9,13,0.001362185,0.00051082,0.0006265514059697,9.14522826,0.2060304857569168,TXSE 1x3x95 Al
47,13,14,0.00305727,0.001146476,0.0014062236898286,9.14522826,0.4624120976152647,TXSE 1x3x95 Al
48,12,16,0.00091722,0.000422756,9.75999751649492e-06,8.95470268,0.0613169190749849,FeAl 25
49,16,18,0.007312869,0.003370574,7.78151188138644e-05,8.95470268,0.488871368569118,FeAl 25
50,18,19,0.008006715,0.003690374,8.519822781370079e-05,8.95470268,0.5352555501531459,FeAl 25
51,19,21,0.007656548,0.002508385,0.0014064865685052,7.62102355,0.5781231494685257,TXSE 3x1x50 Al
52,21,22,1.54e-05,9.55e-06,1.1744485251947134e-05,11.88879674,0.0038619688318762,TXSP 1x3x95 Cu
53,22,23,0.004277245,0.000278138,0.0001731154545979,3.08651454,0.1131249470686487,EXCEL 3x10 Cu
54,23,24,0.011070606,0.000719892,0.0004480671531241,3.08651454,0.2927963485299218,EXCEL 3x10 Cu
55,24,25,5.65e-07,5.65e-07,0.0,38.06701265,0.0002734599945308,fictitious line
56,16,17,2.93e-05,1.83e-05,1.3476845065035187e-05,11.24100974,0.0044316250969417,TXSP 3x1x95 Al
57,19,20,3.55e-07,3.55e-07,0.0,38.06701265,0.0001718199965636,fictitious line
58,26,27,0.000325116,0.000468167,0.0005742356907265,17.71887976,0.1258849152,TXSE 3x1x240 Al
59,27,28,4.84e-07,4.84e-07,0.0,38.06701265,0.0002342559953148,fictitious line
60,28,29,3.57e-07,3.57e-07,0.0,38.06701265,0.0001727879965442,fictitious line
61,29,30,0.000547523,0.000119584,0.0001005784519926,6.477870019999999,0.0413418320065982,TXSE 1x3x50 Al
62,30,31,0.000306296,6.69e-05,5.6265723141407294e-05,6.477870019999999,0.0231274992581005,TXSE 1x3x50 Al
63,31,32,0.000729968,0.001051154,0.0012893049824931,17.71887976,0.2826436096,TXSE 3x1x240 Al
64,33,34,0.007399315,0.003410418,7.873497745771313e-05,8.95470268,0.4946503554930361,FeAl 25
65,34,35,0.00390229,0.001463359,0.0017948995811889,9.14522826,0.5902213754110925,TXSE 1x3x95 Al
66,35,36,7.26e-07,7.26e-07,0.0,38.06701265,0.0003513839929723,fictitious line
67,37,38,0.00296555,0.001366851,3.155596327494115e-05,8.95470268,0.1982494814361023,FeAl 25
68,38,39,5.15e-06,3.22e-06,2.368796999485708e-06,11.24100974,0.0007789375170392,TXSP 3x1x95 Al
69,40,41,0.006356329,0.001388278,0.001167639955173,6.477870019999999,0.4799474829307052,TXSE 1x3x50 Al
70,42,109,0.003536462,0.001629991,3.763095041230967e-05,8.95470268,0.236415422980048,FeAl 25
71,109,110,0.00389529,0.001795378,4.144918419357133e-05,8.95470268,0.2604033729133668,FeAl 25
72,110,111,2.97e-05,1.86e-05,1.3660829298004952e-05,11.24100974,0.0044921250982652,TXSP 3x1x95 Al
73,42,43,0.000522201,0.000431498,1.2538954113300047e-05,9.33575385,0.0702070206030603,BLX 50
74,43,115,0.003097676,0.002559632,7.43805875934187e-05,9.33575385,0.4164653126930157,BLX 50
75,115,118,4.84e-07,4.84e-07,0.0,38.06701265,0.0002342559953148,fictitious line
76,43,112,0.003137983,0.002592938,7.53484287569645e-05,9.33575385,0.421884364704497,BLX 50
77,112,113,4.85e-07,4.85e-07,0.0,38.06701265,0.0002347399953052,fictitious line
78,112,114,0.012978601,0.005981966,0.0001381033051259,8.95470268,0.8676302601595248,FeAl 25
79,45,116,0.001969871,0.000907933,2.096109555811624e-05,8.95470268,0.1316875130232221,FeAl 25
80,116,119,0.0018096,0.000834062,1.925567639808248e-05,8.95470268,0.1209732635115815,FeAl 25
81,119,122,0.001577958,0.00034464,0.0002898664950138,6.477870019999999,0.1191469117269369,TXSE 1x3x50 Al
82,122,123,5.91e-05,3.7e-05,2.7183670421282583e-05,11.24100974,0.0089388751955378,TXSP 3x1x95 Al
83,119,121,0.002767996,0.001729997,0.0012731690523084,11.24100974,0.4186594041581745,TXSP 3x1x95 Al
84,116,124,3.55e-07,3.55e-07,0.0,38.06701265,0.0001718199965636,fictitious line
85,119,120,0.004014763,0.000876859,0.0007375007947748,6.477870019999999,0.3031428040325362,TXSE 1x3x50 Al
86,47,49,0.002404525,0.001502828,0.001105986719454,11.24100974,0.3636844142055965,TXSP 3x1x95 Al
87,49,52,5e-07,5e-07,0.0,38.06701265,0.00024199999516,fictitious line
88,52,53,0.006660138,0.002181948,0.0012234488233328,7.62102355,0.5028871962214575,TXSE 3x1x50 Al
89,53,54,0.000813464,0.001171388,0.0014367796783952,17.71887976,0.3149732608,TXSE 3x1x240 Al
90,54,55,0.000679344,0.000978255,0.0011998904116712,17.71887976,0.2630419968,TXSE 3x1x240 Al
91,55,56,4.52e-07,4.52e-07,0.0,38.06701265,0.0002187679956246,fictitious line
92,56,57,0.000649836,0.000935764,0.0011477719469941,17.71887976,0.2516164992,TXSE 3x1x240 Al
93,57,58,0.00084086,0.001210839,0.0014851678259584,17.71887976,0.325580992,TXSE 3x1x240 Al
94,58,59,0.000577227,0.000189107,0.0001060349941616,7.62102355,0.0435846926314925,TXSE 3x1x50 Al
95,59,60,0.006187716,0.001351451,0.0011366662161231,6.477870019999999,0.467216017183826,TXSE 1x3x50 Al
96,60,61,0.000616922,0.000569006,0.0005069107050897,14.09889357,0.1449467223300971,TXSE 3x1x150 Al
97,61,62,3.55e-07,3.55e-07,0.0,38.06701265,0.0001718199965636,fictitious line
98,49,50,0.006017026,0.001314171,0.001105310937951,6.477870019999999,0.4543277233492176,TXSE 1x3x50 Al
99,50,51,3.71e-07,3.71e-07,0.0,38.06701265,0.0001795639964087,fictitious line
100,59,117,3.55e-07,3.55e-07,0.0,38.06701265,0.0001718199965636,fictitious line
101,48,63,0.021523491,0.006366164,0.0001472888504341,4.38208854,0.9243451538890628,Cu 16
102,63,65,0.01114168,0.005135311,0.0001185569101519,8.95470268,0.7448305650982086,FeAl 25
103,65,66,3.91e-07,3.91e-07,0.0,38.06701265,0.0001892439962151,fictitious line
104,63,64,3.17e-05,1.98e-05,1.4580750462853774e-05,11.24100974,0.0047946251048824,TXSP 3x1x95 Al
105,71,106,0.001124919,0.000245692,0.0002066444909842,6.477870019999999,0.0849392853250557,TXSE 1x3x50 Al
106,72,107,0.003319835,0.002084069,5.136203751058378e-05,10.9361688,0.3123032208538953,FeAl 35
107,107,108,3.15e-05,1.97e-05,1.448875834636889e-05,11.24100974,0.0047643751042207,TXSP 3x1x95 Al
108,76,102,4.04e-07,4.04e-07,0.0,38.06701265,0.0001955359960892,fictitious line
109,102,103,0.000601656,0.000225621,0.0002767380441791,9.14522826,0.0910004719906353,TXSE 1x3x95 Al
110,103,104,0.001108432,0.000415662,0.0005098350282978,9.14522826,0.1676503436673512,TXSE 1x3x95 Al
111,104,105,4.68e-07,4.68e-07,0.0,38.06701265,0.0002265119954697,fictitious line
112,82,100,0.003891899,0.000850025,0.0007149310197597,6.477870019999999,0.2938657091019877,TXSE 1x3x50 Al
113,100,101,5.17e-07,5.17e-07,0.0,38.06701265,0.0002502279949954,fictitious line
114,83,84,4.56e-07,4.56e-07,0.0,38.06701265,0.0002207039955859,fictitious line
115,85,97,0.008752581,0.002374613,0.0012836940467179,3.23893501,0.3683695036877114,FXCEL 1x3x16 Cu
116,97,98,0.000548522,0.000342826,0.0002522984985926,11.24100974,0.0829639543148365,TXSP 3x1x95 Al
117,98,99,4.76e-07,4.76e-07,0.0,38.06701265,0.0002303839953923,fictitious line
118,86,89,0.000841252,0.000525783,0.0003869427598856,11.24100974,0.1272393677833611,TXSP 3x1x95 Al
119,89,90,0.000436025,0.000272516,0.0002005543129516,11.24100974,0.0659487826926296,TXSP 3x1x95 Al
120,86,87,0.002969154,0.001863925,4.593655983586529e-05,10.9361688,0.2793139892227254,FeAl 35
121,87,88,8.15e-05,5.09e-05,3.748678746758936e-05,11.24100974,0.0123268752696503,TXSP 3x1x95 Al
122,86,91,0.000490918,0.000706922,0.0008670832466568,17.71887976,0.1900834496,TXSE 3x1x240 Al
123,9,15,4.84e-07,4.84e-07,0.0,38.06701265,0.0002342559953148,fictitious line
